Model,RMSE
ARIMA,0.01760094193041091
Exponential Smoothing,0.017749758011488433
Random Forest,0.10974035547064451
XGBoost,0.10975829916308655
